{
  "name": "test-couchbase-source",
  "config": {
    "name": "test-couchbase-source",
    "connector.class": "com.couchbase.connect.kafka.CouchbaseSourceConnector",
    "tasks.max": "2",
    "topic.name": "test-default",
    "connection.cluster_address": "127.0.0.1",
    "connection.timeout.ms": "2000",
    "connection.bucket": "default",
    "connection.username": "Administrator",
    "connection.password": "password",
    "dcp.message.converter.class": "com.couchbase.connect.kafka.handler.source.DefaultSchemaSourceHandler",
    "event.filter.class": "com.couchbase.connect.kafka.filter.AllPassFilter",
    "couchbase.stream_from": "SAVED_OFFSET_OR_BEGINNING",
    "couchbase.compression": "ENABLED",
    "couchbase.flow_control_buffer": "128m",
    "couchbase.persistence_polling_interval": "100ms"
  }
}
